from,to,references
1220016457,1614541852,1
1418130340,1614541852,1
1215855026,1614541852,1
1445044091,1614541852,1
1610133347,1614541852,1
1455227024,1614541852,4
1605572695,1614541852,3
1473718944,1614541852,1
1496929841,1614541852,1
1178989752,1614541852,1
1451350009,1614541852,2
1291846215,1614541852,1
1528501977,1614541852,1
1619232845,1614541852,2
1780320122,1614541852,1
1391578486,1614541852,1
1589796010,1614541852,1
1605579456,1614541852,8
1647968933,1896687370,1
1884129985,1896687370,2
1369081421,1674708431,7
1887265621,1674708431,4
1694116569,1674708431,4
1681539189,1674708431,7
1910294769,1674708431,9
1700898276,1674708431,2
1787772315,1674708431,1
1795647281,1674708431,17
1141493048,1674708431,5
1892234482,1674708431,1
1646496672,1674708431,7
1796735800,1674708431,4
1805903394,1674708431,3
1151918573,1674708431,1
1784668808,1674708431,27
1303089864,1674708431,9
1564046965,1674708431,3
1543164824,1674708431,56
1617013656,1674708431,3
1471073101,1674708431,1
1451905745,1674708431,1
1811583355,1674708431,8
1303835387,1674708431,7
1325874717,1674708431,1
1252903363,1674708431,1
1521514618,1674708431,1
1678988598,1674708431,1
1795265206,1674708431,11
1155778782,1674708431,2
1426059444,1674708431,1
1743069732,1674708431,2
1667470730,1674708431,1
1203251782,1674708431,1
1768735227,1674708431,1
1739839710,1674708431,1
1841371008,1674708431,7
1140772312,1674708431,2
1322809759,1674708431,1
1458480018,1674708431,5
1451350009,1674708431,30
1412773550,1674708431,1
1831361117,1674708431,4
1896687370,1674708431,5
1179270258,1674708431,1
1172932553,1674708431,1
1692152143,1674708431,1
1531245360,1674708431,6
1277769680,1674708431,7
1548471475,1674708431,4
1624048039,1674708431,1
1737187014,1674708431,1
1358545890,1674708431,1
1570117008,1674708431,4
1247163073,1674708431,1
1267984898,1674708431,2
1829647523,1674708431,7
1879356591,1674708431,1
1435609646,1674708431,1
1479163323,1674708431,6
1444674986,1674708431,3
1780320122,1674708431,1
1653461526,1674708431,1
1753825912,1674708431,4
1220969170,1674708431,1
1496195662,1674708431,10
1580738242,1674708431,4
1377789757,1674708431,1
1770368188,1674708431,9
1840462354,1674708431,10
1492508129,1674708431,1
1546737353,1674708431,2
1884129985,1674708431,44
1258974478,1674708431,1
1304292577,1674708431,1
1418130340,1674708431,3
1692306154,1674708431,1
1744853182,1674708431,2
1434194408,1674708431,1
1606314486,1674708431,1
1308954936,1674708431,4
1730903921,1674708431,1
1893319358,1674708431,13
1689202495,1674708431,1
1517200518,1674708431,1
1347756517,1674708431,2
1653562191,1674708431,1
1161434992,1674708431,1
1527646630,1674708431,2
1496342508,1674708431,1
1206720213,1674708431,1
1628778499,1674708431,1
1908154318,1674708431,1
1902266723,1674708431,2
1882870017,1674708431,11
1642651925,1674708431,3
1289680855,1674708431,6
1641826716,1674708431,7
1383517302,1674708431,2
1461320425,1674708431,1
1480659624,1674708431,1
1319853946,1674708431,2
1811835318,1674708431,1
1278100405,1674708431,2
1213261506,1674708431,1
1232052560,1674708431,4
1799384398,1674708431,3
1445739044,1674708431,1
1381055875,1674708431,35
1242599517,1674708431,1
1819053659,1674708431,2
1531569003,1674708431,1
1774822547,1674708431,1
1540282753,1674708431,2
1781115595,1674708431,1
1668089506,1674708431,1
1484356321,1674708431,1
1851441463,1674708431,2
1851709748,1674708431,1
1179970664,1674708431,1
1121072748,1674708431,1
1503201584,1674708431,1
1540638491,1674708431,15
1226429584,1674708431,1
1293445778,1674708431,1
1299984444,1674708431,26
1408548985,1674708431,1
1197014308,1674708431,1
1178989752,1674708431,5
1630778587,1674708431,6
1708800028,1674708431,1
1158343216,1674708431,1
1759858174,1674708431,43
1405060224,1674708431,4
1374512182,1674708431,1
1282206922,1674708431,1
1499098030,1674708431,2
1749145560,1674708431,1
1482198482,1674708431,1
1325572722,1674708431,9
1155714507,1674708431,2
1347986142,1674708431,1
1326329344,1674708431,1
1315767641,1674708431,2
1649886663,1674708431,2
1528045757,1674708431,4
1530192233,1674708431,2
1745212732,1674708431,1
1540123102,1674708431,18
1899961042,1674708431,3
1866084519,1674708431,6
1684266592,1674708431,1
1274452385,1674708431,3
1286234150,1674708431,1
1577656053,1674708431,1
1291846215,1674708431,6
1660853432,1674708431,4
1212306649,1674708431,2
1822037496,1674708431,46
1779486317,1674708431,13
1124034561,1674708431,3
1876989536,1674708431,6
1761594864,1674708431,1
1188960726,1674708431,1
1518985858,1674708431,1
1575018759,1674708431,1
1505034921,1674708431,8
1137951778,1674708431,1
1340797293,1674708431,1
1215855026,1674708431,1
1271203320,1674708431,1
1220016457,1674708431,16
1136479756,1674708431,2
1397643826,1674708431,1
1527591032,1674708431,1
1784497505,1674708431,8
1209438364,1674708431,1
1736320250,1674708431,1
1718843636,1674708431,4
1730025357,1674708431,2
1828897862,1674708431,2
1530205157,1674708431,13
1224945167,1674708431,1
1425084649,1674708431,2
1402823691,1674708431,7
1150849367,1674708431,1
1454381433,1674708431,11
1758294908,1674708431,2
1774489056,1674708431,1
1271263845,1674708431,1
1381055875,1454657736,1
1408170129,1454657736,1
1455227024,1454657736,1
1341606917,1454657736,6
1282206922,1454657736,1
1576082206,1454657736,3
1123657266,1454657736,2
1658077441,1454657736,1
1674708431,1454657736,1
1178989752,1454657736,1
1670175523,1454657736,2
1454657736,1454657736,1
1590574875,1454657736,2
1870934558,1454657736,1
1531245360,1454657736,2
1165884185,1454657736,2
1759155377,1454657736,1
1701769935,1454657736,1
1701929005,1454657736,1
1429654655,1454657736,2
1383517302,1383517302,2
1641826716,1383517302,2
1174320311,1383517302,1
1482198482,1383517302,2
1308954936,1383517302,22
1159889419,1383517302,1
1796735800,1383517302,3
1540638491,1383517302,2
1402823691,1478154831,108
1347986142,1478154831,35
1178989752,1478154831,3
1851441463,1478154831,38
1493917818,1478154831,366
1543164824,1540282753,1
1472374861,1540282753,1
1674708431,1540282753,1
1299984444,1540282753,3
1407348606,1540282753,1
1388515177,1540282753,1
1247163073,1540282753,1
1867305063,1540282753,1
1478154831,1540282753,7
1274452385,1540282753,1
1235779695,1540282753,2
1179919492,1540282753,1
1304292577,1540282753,1
1844373591,1540282753,1
1576179785,1540282753,1
1325572722,1540282753,2
1759858174,1540282753,1
1750557911,1540282753,4
1785021761,1540282753,1
1197014308,1540282753,1
1668089506,1540282753,6
1647968933,1540282753,1
1896687370,1540282753,3
1884129985,1540282753,9
1289680855,1540282753,2
1700898276,1540282753,1
1405958258,1831361117,1
1795647281,1831361117,1
1195052286,1831361117,1
1884129985,1831361117,4
1225790696,1831361117,1
1288641123,1831361117,1
1674708431,1831361117,1
1460369248,1831361117,1
1876989536,1831361117,1
1873602540,1831361117,1
1374512182,1831361117,3
1224619086,1831361117,1
1357910053,1831361117,5
1656037086,1831361117,6
1159274793,1831361117,6
1368334613,1831361117,2
1646496672,1899961042,2
1908154318,1899961042,1
1847310190,1899961042,1
1730025357,1899961042,1
1137951778,1899961042,1
1876989536,1899961042,1
1478154831,1899961042,8
1303089864,1899961042,1
1455227024,1899961042,1
1358545890,1899961042,3
1381055875,1899961042,2
1754757324,1899961042,1
1829647523,1899961042,1
1753786697,1899961042,1
1278100405,1899961042,1
1866084519,1899961042,1
1674708431,1899961042,4
1668089506,1899961042,1
1347986142,1899961042,1
1543164824,1899961042,1
1795265206,1899961042,2
1844373591,1899961042,1
1575018759,1899961042,1
1694116569,1899961042,1
1232052560,1899961042,1
1701929005,1899961042,3
1610133347,1899961042,1
1570117008,1899961042,1
1828897862,1899961042,1
1451350009,1899961042,5
1493917818,1899961042,34
1813918079,1899961042,1
1759858174,1899961042,1
1744853182,1899961042,1
1414255764,1796178500,1
1154985723,1796178500,2
1277769680,1796178500,1
1347986142,1796178500,1
1578821647,1796178500,1
1391578486,1796178500,1
1157521395,1796178500,2
1212306649,1796178500,1
1759858174,1796178500,2
1325572722,1263639526,4
1300351181,1263639526,1
1282230758,1263639526,20
1150849367,1263639526,1
1212306649,1263639526,1
1576082206,1263639526,1
1796178500,1263639526,1
1774822547,1263639526,3
1458480018,1263639526,2
1248811129,1263639526,1
1319853946,1263639526,5
1483299455,1263639526,21
1758294908,1263639526,5
1814944737,1263639526,1
1173848870,1263639526,1
1253414641,1263639526,1
1178989752,1263639526,91
1293742754,1263639526,1
1247163073,1263639526,1
1418544500,1263639526,24
1819053659,1263639526,2
1899961042,1263639526,1
1235779695,1263639526,1
1402823691,1263639526,16
1393682270,1263639526,1
1436970685,1263639526,13
1700898276,1263639526,25
1338122650,1263639526,1
1264708901,1263639526,1
1296131281,1263639526,1
1382073947,1263639526,1
1629308005,1263639526,1
1455847380,1263639526,1
1828897862,1263639526,1
1584075690,1263639526,1
1262084348,1263639526,1
1395110101,1263639526,1
1319373612,1263639526,1
1261210178,1263639526,1
1486568601,1263639526,1
1465591212,1263639526,1
1277769680,1263639526,1
1272714261,1263639526,1
1674708431,1263639526,1
1505034921,1263639526,10
1417136285,1263639526,6
1840462354,1263639526,1
1412906359,1263639526,2
1570117008,1263639526,36
1636229918,1263639526,1
1283783788,1263639526,1
1601727820,1263639526,1
1735418495,1263639526,1
1432763973,1263639526,7
1498419694,1263639526,5
1155714507,1263639526,2
1159889419,1263639526,24
1986858305,1263639526,1
1529535942,1263639526,1
1474612540,1263639526,3
1418130340,1263639526,5
1412296785,1263639526,2
1566351145,1263639526,7
1392773702,1263639526,1
1531245360,1263639526,23
1408548985,1263639526,2
1796735800,1263639526,2
1514101393,1263639526,1
1613089923,1263639526,17
1610133347,1263639526,87
1240512443,1263639526,2
1597987792,1263639526,7
1680636620,1263639526,1
1337342032,1263639526,1
1540638491,1263639526,5
1562193047,1263639526,1
1524475848,1263639526,1
1165884185,1263639526,5
1249907791,1263639526,6
1606472763,1263639526,1
1394864973,1263639526,2
1179270258,1263639526,1
1493281246,1263639526,4
1266927523,1263639526,1
1478154831,1263639526,87
1780320122,1263639526,1
1155778782,1263639526,6
1338897295,1263639526,1
1531569003,1263639526,6
1642114460,1263639526,2
1136479756,1263639526,3
1755977101,1263639526,1
1524638354,1263639526,1
1517200518,1263639526,1
1228213682,1263639526,9
1271615240,1263639526,1
1581859855,1263639526,9
1381055875,1263639526,125
1744245608,1263639526,1
1887756265,1263639526,1
1236346229,1263639526,1
1722611034,1263639526,1
1493917818,1263639526,1
1557050385,1263639526,1
1310984791,1263639526,2
1452565580,1263639526,1
1602013715,1263639526,1
1296093290,1263639526,2
1279055968,1263639526,2
1252903363,1263639526,1
1738743147,1263639526,1
1282206922,1263639526,5
1493732793,1263639526,2
1720389407,1263639526,1
1439749762,1263639526,1
1793357530,1263639526,1
1245240559,1263639526,2
1462113784,1263639526,8
1784497505,1263639526,1
1692152143,1263639526,3
1618047173,1263639526,1
1225790696,1263639526,2
1314940146,1263639526,1
1171570914,1263639526,1
1463837756,1263639526,1
1271263845,1263639526,1
1773879520,1263639526,1
1347986142,1263639526,6
1876989536,1263639526,3
1769780620,1263639526,1
1421567872,1263639526,1
1437063163,1263639526,2
1546737353,1263639526,9
1744701864,1263639526,1
1335927003,1263639526,2
1646496672,1263639526,13
1580738242,1263639526,12
1224619086,1263639526,5
1465036310,1263639526,1
1273312197,1263639526,2
1158235037,1263639526,1
1530205157,1263639526,6
1262978465,1263639526,2
1325874717,1263639526,2
1292472394,1263639526,2
1232052560,1263639526,5
1455227024,1263639526,128
1206185993,1263639526,1
1398056704,1263639526,1
1359539698,1263639526,1
1341385488,1263639526,1
1284383291,1263639526,5
1291846215,1263639526,14
1186016600,1263639526,15
1489074966,1263639526,1
1841371008,1263639526,3
1730851033,1263639526,2
1451350009,1263639526,114
1383517302,1263639526,17
1303980993,1263639526,3
1335567705,1263639526,24
1734949707,1263639526,1
1197014308,1263639526,1
1242599517,1263639526,1
1471634989,1263639526,4
1759858174,1263639526,7
1290447799,1263639526,11
1285806521,1263639526,1
1432950893,1263639526,1
1235314961,1263639526,1
1226255196,1263639526,1
1496342508,1263639526,1
1209438364,1263639526,3
1395048724,1263639526,1
1436510272,1263639526,1
1461039221,1263639526,2
1154985723,1263639526,4
1578821647,1263639526,1
1353338831,1263639526,5
1237744593,1263639526,5
1470890345,1263639526,2
1123462974,1263639526,1
1454358125,1263639526,4
1708519909,1263639526,1
1591829308,1263639526,1
1472374861,1263639526,3
1304308741,1263639526,1
1596389577,1263639526,2
1783583457,1263639526,1
1680900472,1263639526,1
1543164824,1263639526,26
1218590505,1263639526,1
1795265206,1263639526,2
1416713361,1263639526,1
1215855026,1263639526,4
1476242950,1263639526,1
1179424306,1263639526,1
1413903316,1263639526,2
1246384689,1263639526,4
1343351768,1263639526,4
1320240409,1263639526,1
1399695978,1263639526,1
1461320425,1263639526,6
1820248920,1263639526,1
1576573708,1263639526,1
1591282556,1263639526,1
1166506873,1263639526,2
1887764092,1263639526,1
1220016457,1263639526,14
1230190290,1263639526,2
1221490296,1263639526,4
1511938993,1263639526,1
1228474199,1263639526,1
1769290763,1263639526,1
1769209859,1263639526,1
1485775180,1263639526,1
1227831554,1263639526,1
1712807576,1263639526,1
1562023842,1263639526,2
1476544117,1263639526,1
1667470730,1263639526,5
1391544796,1263639526,13
1435609646,1263639526,3
1750557911,1263639526,1
1449700943,1263639526,1
1383999758,1263639526,1
1319860476,1263639526,1
1277476865,1263639526,7
1527591032,1263639526,1
1699653123,1263639526,1
1671964902,1263639526,3
1693899968,1263639526,1
1277512758,1263639526,1
1246808889,1263639526,1
1358545890,1263639526,25
1459268314,1263639526,1
1321097837,1263639526,1
1278100405,1263639526,1
1485461318,1263639526,2
1187228866,1263639526,3
1464667483,1263639526,11
1334690149,1263639526,7
1527646630,1263639526,1
1471677550,1263639526,1
1672533217,1263639526,1
1425084649,1263639526,4
1455051484,1263639526,1
1314838603,1263639526,1
1326329344,1263639526,7
1200497997,1263639526,1
1283461938,1263639526,32
1309429135,1263639526,1
1279884824,1263639526,9
1745031598,1263639526,2
1491532249,1263639526,7
1617013656,1263639526,3
1882870017,1263639526,7
1599629993,1263639526,1
1265370757,1263639526,19
1288641123,1263639526,1
1694032422,1263639526,1
1892234482,1263639526,1
1752208954,1263639526,2
1440826143,1263639526,4
1155198469,1263639526,2
1362144387,1263639526,1
1340072552,1263639526,1
1482198482,1263639526,1
1161242532,1263639526,1
1252056510,1263639526,5
1274717783,1263639526,1
1216512717,1263639526,2
1404963236,1263639526,1
1379194026,1263639526,1
1660853432,1263639526,5
1220774219,1263639526,7
1389728137,1263639526,9
1330998153,1263639526,1
1573612532,1263639526,1
1522484691,1263639526,3
1178784302,1263639526,1
1123657266,1263639526,3
1303089864,1263639526,64
1308954936,1263639526,8
1341606917,1263639526,1
1263639526,1263639526,35
1219611042,1263639526,1
1304292577,1263639526,6
1795647281,1263639526,5
1653461526,1263639526,1
1156849919,1263639526,1
1416256514,1263639526,26
1357169825,1263639526,1
1177375464,1263639526,1
1733306194,1263639526,2
1204478666,1263639526,3
1208345666,1263639526,1
1499804747,1263639526,3
1557905753,1263639526,2
1586752346,1263639526,1
1753558976,1263639526,1
1213261506,1263639526,1
1282230758,1220016457,10
1477576373,1220016457,3
1264382608,1220016457,1
1306042330,1220016457,13
1879356591,1220016457,1
1428280639,1220016457,4
1879031023,1220016457,1
1646496672,1220016457,1
1418544500,1220016457,22
1455227024,1220016457,4
1178989752,1220016457,2
1271263845,1220016457,1
1412296785,1220016457,1
1892234482,1220016457,2
1570117008,1220016457,5
1530205157,1220016457,1
1576082206,1220016457,1
1840462354,1220016457,15
1635263668,1220016457,1
1876506652,1220016457,1
1841371008,1220016457,1
1701929005,1220016457,1
1859174274,1220016457,1
1263639526,1220016457,2
1381055875,1220016457,7
1768463917,1220016457,1
1451350009,1220016457,13
1700898276,1220016457,1
1255298207,1220016457,1
1610133347,1220016457,2
1528501977,1220016457,1
1795647281,1770368188,3
1474612540,1770368188,1
1586752346,1770368188,1
1234828118,1770368188,4
1744853182,1770368188,2
1303835387,1770368188,6
1405060224,1770368188,18
1758294908,1770368188,9
1261210178,1770368188,1
1700898276,1770368188,1
1680851892,1770368188,1
1178989752,1770368188,9
1315055327,1770368188,1
1808774006,1770368188,1
1841371008,1770368188,16
1527646630,1770368188,1
1545484435,1770368188,4
1213468001,1770368188,1
1866084519,1770368188,1
1326329344,1770368188,4
1292472394,1770368188,1
1288641123,1770368188,2
1540282753,1770368188,1
1646496672,1770368188,5
1210281533,1770368188,1
1586155085,1770368188,1
1739839710,1770368188,2
1212306649,1770368188,2
1369081421,1770368188,9
1814477406,1770368188,1
1753786697,1770368188,1
1677722011,1770368188,2
1769209859,1770368188,3
1753825912,1770368188,1
1478154831,1770368188,28
1528334096,1770368188,1
1606614250,1770368188,1
1528501977,1770368188,1
1630778587,1770368188,1
1325874717,1770368188,1
1357243305,1770368188,1
1789593665,1770368188,3
1381514061,1770368188,1
1531569003,1770368188,2
1696536630,1770368188,1
1828897862,1770368188,1
1680600034,1770368188,1
1413903316,1770368188,3
1575018759,1770368188,1
1434188731,1770368188,1
1357939367,1770368188,1
1885056745,1770368188,1
1455051484,1770368188,1
1159468619,1770368188,1
1496195662,1770368188,4
1407900759,1770368188,1
1660853432,1770368188,2
1728630568,1770368188,4
1396124827,1770368188,1
1389728137,1770368188,1
1349400181,1770368188,2
1759858174,1770368188,30
1795265206,1770368188,15
1610133347,1770368188,2
1653461526,1770368188,4
1151918573,1770368188,1
1445501141,1770368188,2
1405958258,1770368188,1
1270946450,1770368188,1
1619232845,1770368188,2
1483299455,1770368188,1
1531245360,1770368188,8
1649886663,1770368188,1
1543164824,1770368188,3
1710766348,1770368188,5
1570117008,1770368188,1
1540638491,1770368188,13
1452645744,1770368188,1
1505034921,1770368188,11
1228213682,1770368188,1
1893319358,1770368188,1
1580738242,1770368188,6
1730025357,1770368188,1
1868305497,1770368188,2
1836031285,1770368188,1
1168822733,1770368188,1
1265355020,1770368188,1
1409521802,1770368188,1
1232052560,1770368188,2
1277769680,1770368188,1
1583248917,1770368188,1
1799384398,1770368188,68
1274452385,1770368188,1
1436510272,1770368188,1
1628553850,1770368188,1
1896954789,1770368188,2
1754914557,1770368188,2
1757582922,1770368188,1
1746291018,1770368188,1
1796735800,1770368188,1
1527591032,1770368188,1
1684266592,1770368188,2
1408548985,1770368188,4
1784497505,1770368188,2
1784668808,1770368188,4
1492508129,1770368188,1
1471073101,1770368188,3
1617013656,1770368188,2
1268172099,1770368188,3
1750557911,1770368188,7
1347756517,1770368188,4
1484471145,1770368188,1
1606327889,1770368188,1
1155714507,1770368188,1
1779486317,1770368188,1
1283479526,1770368188,1
1455227024,1770368188,11
1761594864,1770368188,5
1602768415,1770368188,1
1385221185,1770368188,2
1695367639,1770368188,1
1334204098,1770368188,1
1435982362,1770368188,1
1179270258,1770368188,1
1451350009,1770368188,8
1386149210,1770368188,1
1667470730,1770368188,12
1574215399,1770368188,1
1159318550,1770368188,1
1615632690,1770368188,1
1548471475,1770368188,2
1736320250,1770368188,1
1414255764,1770368188,1
1724259891,1770368188,1
1606314486,1770368188,1
1870934558,1770368188,1
1685658993,1770368188,1
1242599517,1770368188,1
1519046701,1770368188,1
1480659624,1770368188,2
1803908638,1770368188,1
1751351553,1770368188,4
1152339833,1770368188,1
1560118820,1770368188,1
1203251782,1770368188,1
1155198469,1770368188,1
1876989536,1770368188,1
1289680855,1770368188,1
1949112918,1770368188,1
1781115595,1770368188,1
1819053659,1770368188,1
1717634391,1770368188,1
1420697550,1770368188,1
1641826716,1770368188,1
1530205157,1770368188,1
1225790696,1770368188,1
1362500827,1770368188,1
1263639526,1770368188,1
1390707347,1770368188,1
1703795899,1770368188,3
1202024582,1770368188,2
1271203320,1770368188,2
1743069732,1770368188,13
1851441463,1770368188,5
1445739044,1770368188,2
1674708431,1770368188,32
1381055875,1770368188,12
1400488614,1770368188,1
1883702819,1770368188,1
1395221453,1770368188,1
1884129985,1770368188,34
1268143151,1770368188,4
1215855026,1770368188,3
1528045757,1770368188,13
1303089864,1770368188,8
1206720213,1770368188,1
1780320122,1770368188,3
1158343216,1770368188,1
1291846215,1770368188,1
1435609646,1770368188,1
1694116569,1770368188,1
1463909218,1770368188,1
1434194408,1770368188,1
1678988598,1770368188,5
1493932793,1770368188,1
1458480018,1770368188,2
1770368188,1770368188,5
1282206922,1770368188,4
1785021761,1770368188,1
1628445938,1770368188,1
1192349175,1770368188,1
1235779695,1770368188,2
1435609646,1720389407,1
1229525984,1720389407,1
1480916688,1720389407,1
1232052560,1720389407,4
1622911678,1720389407,1
1249907791,1720389407,2
1216193479,1720389407,1
1420055454,1720389407,1
1220016457,1720389407,1
1266927523,1720389407,1
1214662276,1720389407,1
1150849367,1720389407,5
1660853432,1720389407,1
1571486974,1720389407,1
1528045757,1720389407,2
1451350009,1720389407,30
1692538789,1720389407,1
1123657266,1720389407,1
1263639526,1720389407,12
1512943320,1720389407,2
1653583193,1720389407,1
1396124827,1720389407,1
1499098030,1720389407,1
1962212724,1720389407,1
1288641123,1720389407,5
1795265206,1720389407,4
1415768108,1720389407,10
1300351181,1720389407,2
1674708431,1720389407,2
1886831647,1720389407,1
1758294908,1720389407,16
1646496672,1720389407,14
1855762283,1720389407,1
1252903363,1720389407,1
1385221185,1720389407,1
1576082206,1720389407,1
1192246722,1720389407,1
1780320122,1720389407,7
1750557911,1720389407,4
1617013656,1720389407,8
1347756517,1720389407,1
1607444107,1720389407,4
1309673375,1720389407,2
1796735800,1720389407,2
1828897862,1720389407,3
1785021761,1720389407,1
1484356321,1720389407,1
1876516292,1720389407,1
1580738242,1720389407,2
1642651925,1720389407,1
1586752346,1720389407,1
1388025017,1720389407,1
1263886969,1720389407,1
1629308005,1720389407,4
1614910693,1720389407,3
1902266723,1720389407,1
1753786697,1720389407,1
1492038982,1720389407,1
1388515177,1720389407,3
1195438885,1720389407,1
1685376115,1720389407,1
1524189467,1720389407,1
1578821647,1720389407,1
1610133347,1720389407,7
1588600506,1720389407,1
1454657736,1720389407,2
1179424306,1720389407,3
1676792317,1720389407,7
1870934558,1720389407,39
1769209859,1720389407,2
1474612540,1720389407,9
1368664616,1720389407,2
1455227024,1720389407,35
1649886663,1720389407,15
1265355020,1720389407,1
1799898734,1720389407,1
1347986142,1720389407,5
1400434685,1720389407,1
1536437370,1720389407,6
1291846215,1720389407,2
1720135876,1720389407,1
1434188731,1720389407,3
1319373612,1720389407,2
1667470730,1720389407,4
1874427769,1720389407,1
1734207792,1720389407,2
1290725179,1720389407,3
1303835387,1720389407,2
1236346229,1720389407,1
1883702819,1720389407,2
1793357530,1720389407,2
1746754148,1720389407,1
1735418495,1720389407,1
1611856276,1720389407,2
1423067064,1720389407,5
1531245360,1720389407,6
1714367286,1720389407,2
1485461318,1720389407,14
1546603317,1720389407,27
1483299455,1720389407,2
1632456920,1720389407,1
1325874717,1720389407,2
1544317965,1720389407,1
1884129985,1720389407,4
1496195662,1720389407,19
1653562191,1720389407,1
1773879520,1720389407,1
1330998153,1720389407,2
1383517302,1720389407,2
1610750014,1720389407,9
1603432390,1720389407,1
1197014308,1720389407,3
1178989752,1720389407,12
1284383291,1720389407,1
1192193228,1720389407,3
1540282753,1720389407,1
1718843636,1720389407,1
1540638491,1720389407,12
1395110101,1720389407,3
1353784706,1720389407,1
1761977616,1720389407,1
1770368188,1720389407,1
1429696375,1720389407,2
1435982362,1720389407,1
1451905745,1720389407,1
1493932793,1720389407,4
1765036398,1720389407,1
1795647281,1720389407,20
1282206922,1720389407,5
1229606559,1720389407,1
1634863743,1720389407,2
1280917498,1720389407,1
1411356712,1720389407,1
1745031598,1720389407,1
1413903316,1720389407,14
1159266445,1720389407,2
1402823691,1720389407,4
1406133572,1720389407,1
1802023597,1720389407,1
1237147604,1720389407,8
1512214198,1720389407,1
1464667483,1720389407,1
1505034921,1720389407,1
1391578486,1720389407,1
1613089923,1720389407,1
1357939367,1720389407,1
1876989536,1720389407,3
1618047173,1720389407,1
1744701864,1720389407,5
1288809798,1720389407,2
1475754218,1720389407,1
1759858174,1720389407,8
1896687370,1720389407,2
1910294769,1720389407,5
1530205157,1720389407,9
1822037496,1720389407,1
1619667093,1720389407,1
1658077441,1720389407,1
1749145560,1720389407,1
1408548985,1720389407,1
1452565580,1720389407,2
1681044339,1720389407,1
1543164824,1720389407,11
1841371008,1720389407,2
1303089864,1720389407,4
1570117008,1720389407,1
1781115595,1720389407,1
1685423824,1720389407,5
1703795899,1720389407,3
1733306194,1720389407,5
1899961042,1720389407,4
1381055875,1720389407,10
1482198482,1720389407,2
1282230758,1720389407,10
1624048039,1720389407,1
1289680855,1720389407,1
1326329344,1720389407,1
1341385488,1720389407,1
1493732793,1720389407,1
1215855026,1720389407,1
1625319395,1720389407,2
1822240550,1720389407,1
1700898276,1720389407,12
1759155377,1720389407,1
1694116569,1720389407,2
1670314096,1720389407,2
1449700943,1720389407,1
1528501977,1720389407,1
1202024582,1720389407,1
1418544500,1720389407,7
1605572695,1720389407,5
1528501977,1780320122,1
1381055875,1780320122,3
1531245360,1780320122,3
1703795899,1780320122,1
1483299455,1780320122,1
1402823691,1780320122,3
1455227024,1780320122,1
1185329367,1780320122,8
1325874717,1780320122,1
1617013656,1780320122,1
1614541852,1780320122,1
1605572695,1780320122,4
1451350009,1780320122,1
1746291018,1780320122,2
1720389407,1780320122,8
1683273003,1780320122,1
1178989752,1780320122,1
1220016457,1780320122,1
1758294908,1780320122,3
1358545890,1780320122,1
1610133347,1780320122,1
1586752346,1780320122,1
1795265206,1780320122,1
1220016457,1879356591,2
1966025103,1879356591,1
1841371008,1879356591,5
1255298207,1879356591,1
1646496672,1879356591,1
1381055875,1879356591,2
1795647281,1879356591,1
1451350009,1879356591,1
1570117008,1879356591,1
1884129985,1879356591,1
1418544500,1879356591,1
1664292721,1406133572,1
1876989536,1406133572,1
1288641123,1406133572,2
1383517302,1406133572,4
1784497505,1406133572,1
1300351181,1406133572,1
1540638491,1406133572,8
1641826716,1406133572,44
1796735800,1406133572,1
1418130340,1406133572,1
1192246722,1406133572,1
1308954936,1406133572,8
1603432390,1406133572,1
1408165010,1406133572,1
1573102991,1406133572,5
1543164824,1406133572,1
1293696205,1406133572,1
1540123102,1406133572,2
1302984491,1406133572,2
1159889419,1406133572,3
1263639526,1406133572,1
1272672830,1406133572,1
1454657736,1570117008,1
1451350009,1570117008,1
1570117008,1570117008,1
1381055875,1570117008,2
1619667093,1570117008,1
1759155377,1570117008,1
1271203320,1570117008,24
1737788482,1531245360,1
1293445778,1531245360,1
1851441463,1531245360,1
1718843636,1531245360,2
1291846215,1531245360,4
1451350009,1531245360,17
1381055875,1531245360,11
1781115595,1531245360,1
1232052560,1531245360,4
1478154831,1531245360,7
1720389407,1531245360,1
1610133347,1531245360,2
1576082206,1531245360,2
1220016457,1531245360,2
1391578486,1531245360,1
1601727820,1531245360,2
1357169825,1531245360,1
1455227024,1531245360,10
1795647281,1531245360,1
1784497505,1531245360,1
1629308005,1531245360,1
1319860476,1531245360,1
1674708431,1531245360,15
1171570914,1531245360,1
1795265206,1531245360,7
1192193228,1531245360,1
1882870017,1531245360,2
1435609646,1531245360,3
1454657736,1531245360,1
1422276980,1531245360,1
1646496672,1531245360,1
1581859855,1531245360,1
1570117008,1531245360,5
1780320122,1531245360,2
1263639526,1531245360,8
1876989536,1531245360,1
1540638491,1531245360,3
1178989752,1531245360,9
1733306194,1531245360,1
1326329344,1531245360,1
1408548985,1531245360,1
1672533217,1531245360,2
1578821647,1531245360,1
1483299455,1531245360,1
1425084649,1531245360,5
1178989752,1724259891,2
1528501977,1724259891,1
1455227024,1724259891,3
1734207792,1724259891,1
1232052560,1724259891,1
1605572695,1724259891,1
1758294908,1724259891,8
1383517302,1724259891,1
1724259891,1724259891,13
1291846215,1724259891,3
1649886663,1724259891,1
1540638491,1724259891,1
1159266445,1724259891,2
1141493048,1724259891,2
1418544500,1724259891,1
1578821647,1724259891,2
1543164824,1724259891,2
1896687370,1724259891,5
1646496672,1724259891,3
1195197713,1724259891,1
1668089506,1724259891,2
1451350009,1724259891,13
1784497505,1724259891,1
1493732793,1724259891,1
1426170227,1724259891,1
1458480018,1724259891,1
1619232845,1724259891,1
1602768415,1724259891,1
1780320122,1724259891,1
1694116569,1724259891,1
1666677838,1724259891,2
1263639526,1724259891,1
1528334096,1724259891,1
1474612540,1724259891,1
1795647281,1724259891,1
1530205157,1724259891,1
1882870017,1724259891,5
1282230758,1724259891,3
1750557911,1724259891,2
1478154831,1724259891,4
1660853432,1724259891,2
1155778782,1724259891,2
1828897862,1724259891,3
1660060833,1724259891,1
1347986142,1724259891,1
1759155377,1724259891,2
1735420988,1724259891,1
1884129985,1724259891,7
1876989536,1724259891,2
1540282753,1724259891,1
1229525984,1724259891,1
1818788168,1724259891,1
1887756265,1724259891,1
1350452762,1724259891,1
1326329344,1724259891,1
1400113416,1724259891,1
1653461526,1724259891,3
1700898276,1724259891,2
1505034921,1724259891,1
1610133347,1724259891,2
1422276980,1724259891,10
1744701864,1724259891,1
1381055875,1724259891,11
1819053659,1724259891,1
1795265206,1724259891,1
1492038982,1724259891,1
1902266723,1795265206,1
1795647281,1795265206,1
1520797336,1795265206,1
1493932793,1795265206,1
1493732793,1795265206,2
1759858174,1795265206,1
1422276980,1795265206,1
1866084519,1795265206,2
1268172099,1795265206,1
1683273003,1795265206,2
1780320122,1795265206,3
1750557911,1795265206,3
1603432390,1795265206,2
1540638491,1795265206,3
1851441463,1795265206,1
1813918079,1795265206,4
1210281533,1795265206,1
1540282753,1795265206,2
1123657266,1795265206,1
1408548985,1795265206,1
1769001433,1795265206,2
1646496672,1795265206,2
1879356591,1795265206,1
1234828118,1795265206,1
1531245360,1795265206,8
1653461526,1795265206,1
1752208954,1795265206,1
1668089506,1795265206,1
1685376115,1795265206,1
1232052560,1795265206,15
1614174256,1795265206,1
1674708431,1795265206,2
1325572722,1795265206,1
1528045757,1795265206,1
1703795899,1795265206,1
1278100405,1795265206,2
1451350009,1795265206,2
1876989536,1795265206,5
1503201584,1795265206,6
1758294908,1795265206,1
1602768415,1795265206,1
1425084649,1795265206,10
1291846215,1795265206,3
1282230758,1795265206,2
1737788482,1795265206,2
1576179785,1795265206,1
1896687370,1795265206,2
1870934558,1795265206,1
1263639526,1795265206,2
1546737353,1795265206,1
1841371008,1795265206,6
1462467662,1795265206,1
1884129985,1795265206,2
1720389407,1795265206,1
1220016457,1795265206,3
1200497997,1795265206,1
1770368188,1795265206,2
1899961042,1795265206,2
1784164501,1795265206,1
1179270258,1795265206,1
1290725179,1795265206,1
1172932553,1795265206,1
1178989752,1795265206,3
1385221185,1795265206,3
1381055875,1795265206,7
1822240550,1795265206,2
1826009025,1795265206,1
1570117008,1795265206,1
1455227024,1795265206,2
1545484435,1703795899,27
1617013656,1703795899,1
1656160624,1703795899,1
1451350009,1703795899,6
1610133347,1703795899,1
1383517302,1703795899,1
1543164824,1703795899,7
1695861520,1703795899,1
1795647281,1703795899,4
1667470730,1703795899,19
1761594864,1703795899,1
1612493784,1703795899,6
1225790696,1703795899,2
1884129985,1703795899,3
1586752346,1703795899,1
1613089923,1703795899,1
1759858174,1703795899,3
1819053659,1703795899,9
1455227024,1703795899,2
1136479756,1703795899,2
1304838471,1703795899,1
1720389407,1703795899,1
1580738242,1703795899,10
1288641123,1703795899,1
1733306194,1703795899,3
1505034921,1703795899,3
1439749762,1703795899,1
1434188731,1703795899,5
1540956866,1703795899,1
1172932553,1703795899,1
1418130340,1703795899,1
1436510272,1703795899,2
1374874083,1703795899,7
1779486317,1703795899,1
1282206922,1703795899,1
1381055875,1703795899,1
1178989752,1703795899,3
1770368188,1703795899,1
1799384398,1703795899,1
1263714320,1389728137,3
1282206922,1389728137,2
1335567705,1389728137,4
1229050702,1389728137,7
1255298207,1389728137,1
1363640491,1389728137,2
1377511521,1389728137,5
1180598066,1389728137,1
1341606917,1389728137,4
1338732850,1389728137,3
1363390397,1389728137,14
1770749902,1389728137,1
1293742754,1389728137,6
1524638354,1389728137,1
1463713342,1389728137,9
1437946278,1389728137,1
1610133347,1389728137,6
1252852223,1389728137,1
1130605229,1389728137,2
1454153770,1389728137,1
1451350009,1389728137,6
1138636357,1389728137,1
1235444295,1389728137,2
1287537041,1389728137,4
1432137198,1389728137,1
1517649709,1389728137,8
1287574478,1389728137,25
1160091286,1389728137,9
1370745672,1389728137,1
1181279973,1389728137,1
1693899968,1389728137,7
1470890345,1389728137,4
1435609646,1389728137,1
1249907791,1389728137,1
1516018020,1389728137,1
1202273554,1389728137,1
1455227024,1389728137,1
1795647281,1389728137,3
1491532249,1389728137,1
1172717983,1389728137,3
1414180821,1389728137,8
1446588069,1389728137,15
1759858174,1649886663,1
1720389407,1649886663,11
1415768108,1649886663,1
1570117008,1649886663,3
1540282753,1649886663,1
1617013656,1649886663,1
1896687370,1649886663,5
1870934558,1649886663,1
1884129985,1649886663,2
1452645744,1649886663,1
1610750014,1649886663,4
1525111292,1649886663,1
1758294908,1649886663,1
1290725179,1649886663,1
1649886663,1649886663,4
1455227024,1649886663,1
1481883538,1649886663,1
1178989752,1649886663,2
1795647281,1491532249,1
1271263845,1491532249,1
1576664956,1491532249,7
1384706245,1491532249,1
1769780620,1491532249,19
1451350009,1491532249,1
1693974176,1491532249,7
1263639526,1491532249,1
1499347321,1491532249,8
1302229193,1491532249,1
1505807511,1491532249,11
1541344089,1491532249,4
1389728137,1491532249,1
1429654655,1491532249,7
1755977101,1491532249,4
1338897295,1491532249,25
1533941798,1491532249,1
1387683696,1491532249,1
1683201857,1491532249,1
1503385254,1491532249,1
1721337674,1491532249,1
1393505038,1491532249,1
1884129985,1841371008,6
1304292577,1841371008,1
1220016457,1841371008,2
1263639526,1841371008,1
1653461526,1841371008,9
1910294769,1841371008,2
1647968933,1841371008,3
1813918079,1841371008,1
1602768415,1841371008,2
1576082206,1841371008,1
1493917818,1841371008,8
1660853432,1841371008,1
1325572722,1841371008,1
1451350009,1841371008,4
1381055875,1841371008,10
1795265206,1841371008,2
1674708431,1841371008,1
1818788168,1841371008,1
1330998153,1841371008,1
1899961042,1841371008,1
1851441463,1841371008,5
1780320122,1841371008,3
1652994575,1841371008,3
1770368188,1841371008,2
1405060224,1841371008,3
1866084519,1841371008,1
1694116569,1841371008,1
1319853946,1841371008,1
1543164824,1841371008,3
1795647281,1841371008,1
1478154831,1841371008,7
1291846215,1841371008,5
1496342508,1841371008,4
1610133347,1841371008,1
1581801430,1841371008,2
1759858174,1841371008,1
1572114166,1841371008,1
1341606917,1483299455,1
1436970685,1483299455,1
1416256514,1483299455,7
1178989752,1483299455,2
1491532249,1483299455,1
1282230758,1483299455,1
1221490296,1483299455,1
1483299455,1483299455,2
1394864973,1483299455,1
1159889419,1483299455,1
1451350009,1483299455,1
1461320425,1483299455,2
1476544117,1483299455,1
1577850549,1483299455,1
1780320122,1483299455,1
1568321916,1483299455,1
1186016600,1483299455,1
1493732793,1483299455,4
1177375464,1483299455,1
1485461318,1483299455,1
1296131281,1483299455,23
1349400181,1483299455,1
1263639526,1483299455,32
1578821647,1483299455,1
1381055875,1483299455,19
1156923865,1483299455,4
1454358125,1483299455,2
1436859858,1483299455,1
1391861910,1483299455,1
1290447799,1483299455,1
1287995120,1483299455,2
1319860476,1483299455,1
1462113784,1483299455,1
1190616506,1483299455,4
1531569003,1483299455,1
1248811129,1483299455,1
1455227024,1483299455,1
1395570809,1483299455,2
1395048724,1178989752,1
1613089923,1178989752,1
1381055875,1178989752,1
1263639526,1178989752,6
1330998153,1178989752,1
1659844187,1234828118,1
1512811765,1234828118,1
1750557911,1234828118,3
1796274803,1234828118,5
1383517302,1234828118,6
1303835387,1234828118,1
1528045757,1234828118,3
1540638491,1234828118,8
1704513552,1234828118,2
1268172099,1234828118,1
1902266723,1234828118,1
1308954936,1234828118,2
1884129985,1234828118,2
1300351181,1234828118,1
1625319395,1234828118,1
1660853432,1234828118,1
1688237062,1234828118,1
1770368188,1234828118,1
1369081421,1234828118,1
1887756265,1234828118,4
1647968933,1234828118,1
1283063800,1234828118,1
1744853182,1234828118,1
1391253363,1234828118,1
1557905753,1234828118,1
1331125917,1234828118,1
1841371008,1234828118,1
1605572695,1234828118,2
1580738242,1234828118,1
1634863743,1234828118,1
1699038596,1234828118,1
1736320250,1234828118,1
1618047173,1234828118,1
1304838471,1234828118,1
1196953931,1234828118,3
1528334096,1234828118,3
1896687370,1234828118,3
1152481252,1234828118,1
1458480018,1234828118,7
1876989536,1234828118,1
1759858174,1234828118,12
1473718944,1692152143,16
1325572722,1425084649,1
1430813596,1425084649,2
1197014308,1425084649,105
1469815925,1425084649,3
1357243305,1425084649,2
1381055875,1425084649,2
1752208954,1425084649,1
1531245360,1425084649,6
1136479756,1425084649,1
1299984444,1425084649,1
1557905753,1425084649,1
1451905745,1425084649,1
1200497997,1425084649,2
1636000015,1425084649,4
1629714763,1425084649,1
1622918816,1425084649,1
1795265206,1425084649,1
1452790068,1425084649,2
1179919492,1425084649,1
1172932553,1425084649,1
1263639526,1425084649,3
1759858174,1758294908,3
1413903316,1758294908,10
1531245360,1758294908,1
1614174256,1758294908,1
1606472763,1758294908,1
1576082206,1758294908,1
1378394192,1758294908,1
1614541852,1758294908,1
1454657736,1758294908,1
1653461526,1758294908,1
1841371008,1758294908,2
1844373591,1758294908,2
1660713302,1758294908,1
1750557911,1758294908,6
1212306649,1758294908,1
1252903363,1758294908,5
1451350009,1758294908,26
1646496672,1758294908,3
1329681857,1758294908,1
1309673375,1758294908,1
1605572695,1758294908,3
1884129985,1758294908,1
1896687370,1758294908,3
1758294908,1758294908,1
1155714507,1758294908,1
1769290763,1758294908,1
1528045757,1758294908,3
1749145560,1758294908,1
1197014308,1758294908,1
1291846215,1758294908,1
1514795572,1758294908,1
1528334096,1758294908,4
1596389577,1758294908,1
1349400181,1758294908,1
1422276980,1758294908,2
1154985723,1758294908,1
1785021761,1758294908,17
1381055875,1758294908,2
1220016457,1758294908,1
1617013656,1758294908,1
1263886969,1758294908,1
1685423824,1758294908,7
1348157542,1758294908,2
1866084519,1758294908,3
1647968933,1758294908,1
1660853432,1758294908,2
1540282753,1758294908,1
1757582922,1758294908,1
1724259891,1758294908,7
1795265206,1758294908,4
1701929005,1758294908,1
1425084649,1758294908,1
1761977616,1758294908,1
1303835387,1758294908,1
1666677838,1758294908,1
1813918079,1758294908,1
1780320122,1758294908,4
1530205157,1758294908,1
1628445938,1758294908,1
1575018759,1758294908,1
1478154831,1758294908,4
1602768415,1758294908,1
1722478758,1758294908,1
1418544500,1758294908,1
1720389407,1758294908,2
1780168477,1758294908,1
1452565580,1758294908,1
1795647281,1758294908,2
1770368188,1758294908,3
1703795899,1758294908,1
1580738242,1758294908,3
1734207792,1758294908,2
1908154318,1758294908,1
1787772315,1758294908,1
1543164824,1758294908,13
1610133347,1758294908,3
1684266592,1758294908,1
1570117008,1758294908,3
1491532249,1758294908,1
1187228866,1758294908,1
1172932553,1758294908,1
1667470730,1758294908,2
1455227024,1758294908,11
1232052560,1758294908,1
1383517302,1758294908,1
1215855026,1758294908,1
1304838471,1758294908,1
1178989752,1758294908,3
1700898276,1758294908,3
1687873099,1758294908,1
1540638491,1758294908,1
1867305063,1758294908,1
1388515177,1758294908,14
1610750014,1758294908,1
1491918226,1758294908,1
1629308005,1758294908,8
1603432390,1758294908,2
1528501977,1758294908,1
1896687370,1528045757,3
1660853432,1528045757,1
1796274803,1528045757,9
1887756265,1528045757,4
1555165763,1528045757,2
1283063800,1528045757,1
1331125917,1528045757,1
1699038596,1528045757,1
1557905753,1528045757,1
1268172099,1528045757,2
1659694420,1528045757,3
1752976456,1528045757,1
1902266723,1528045757,1
1704513552,1528045757,2
1209438364,1528045757,1
1292487413,1528045757,1
1736320250,1528045757,1
1264708901,1528045757,5
1634868667,1528045757,1
1634863743,1528045757,1
1910294769,1528045757,2
1759858174,1528045757,14
1383517302,1528045757,7
1193423105,1528045757,7
1543164824,1528045757,1
1625319395,1528045757,1
1303835387,1528045757,1
1659844187,1528045757,1
1606472763,1528045757,1
1492038982,1528045757,1
1425084649,1528045757,1
1770368188,1528045757,1
1374512182,1528045757,1
1841371008,1528045757,1
1391253363,1528045757,1
1152481252,1528045757,1
1304838471,1528045757,2
1540638491,1528045757,14
1884129985,1528045757,2
1744853182,1528045757,1
1876989536,1528045757,1
1580738242,1528045757,2
1308954936,1528045757,5
1532140979,1528045757,1
1688237062,1528045757,1
1263639526,1528045757,1
1512811765,1528045757,1
1300351181,1528045757,2
1369081421,1528045757,1
1196953931,1528045757,4
1458480018,1528045757,8
1790211208,1528045757,1
1405279817,1528045757,1
1655672519,1528045757,1
1767008083,1528045757,1
1414255764,1528045757,1
1795265206,1528045757,1
1647968933,1528045757,1
1605572695,1528045757,2
1750557911,1528045757,3
1139617484,1528045757,1
1293013534,1528045757,1
1528334096,1528045757,10
1459268314,1528045757,1
1618047173,1528045757,2
1136479756,1358545890,1
1391544796,1358545890,4
1402823691,1358545890,6
1451350009,1358545890,3
1491532249,1358545890,1
1478154831,1358545890,18
1470890345,1358545890,11
1531245360,1358545890,2
1613089923,1358545890,1
1493732793,1358545890,1
1296131281,1358545890,2
1290447799,1358545890,3
1220774219,1358545890,5
1546737353,1358545890,6
1204478666,1358545890,3
1418130340,1358545890,2
1166506873,1358545890,1
1177375464,1358545890,1
1391578486,1358545890,2
1395048724,1358545890,1
1505857698,1358545890,1
1527646630,1358545890,1
1461320425,1358545890,1
1566351145,1358545890,3
1398056704,1358545890,5
1699653123,1358545890,1
1347986142,1358545890,2
1303089864,1358545890,1
1752208954,1358545890,2
1381055875,1358545890,6
1271263845,1358545890,1
1529535942,1358545890,1
1737877530,1358545890,8
1282230758,1358545890,3
1325874717,1358545890,1
1178989752,1358545890,19
1263639526,1358545890,11
1462113784,1358545890,1
1149136314,1358545890,1
1562023842,1358545890,3
1417239696,1358545890,9
1436835664,1358545890,1
1283461938,1358545890,1
1246384689,1358545890,2
1759858174,1345806846,1
1197014308,1345806846,30
1345806846,1345806846,5
1910294769,1345806846,1
1700136522,1345806846,1
1436970685,1345806846,1
1444674986,1345806846,3
1512943320,1345806846,2
1303835387,1345806846,1
1738352123,1345806846,2
1496195662,1345806846,1
1548471475,1345806846,1
1546603317,1345806846,1
1290725179,1345806846,6
1262978465,1530205157,1
1543164824,1530205157,1
1531569003,1530205157,1
1654037369,1530205157,2
1576082206,1530205157,3
1123657266,1530205157,2
1882870017,1530205157,1
1840462354,1530205157,7
1385221185,1530205157,3
1774489056,1530205157,2
1291846215,1530205157,2
1530205157,1530205157,35
1197341939,1530205157,4
1803908638,1530205157,6
1507277839,1530205157,3
1226866970,1530205157,1
1744701864,1530205157,2
1769209859,1530205157,1
1892234482,1530205157,8
1451350009,1530205157,26
1379201238,1530205157,1
1408548985,1530205157,2
1402823691,1530205157,2
1455227024,1530205157,17
1876989536,1530205157,2
1158762602,1530205157,1
1749300045,1530205157,3
1216354395,1530205157,7
1461320425,1530205157,5
1795647281,1530205157,28
1531245360,1530205157,1
1357507335,1530205157,1
1155198469,1530205157,1
1614876337,1530205157,6
1701769935,1530205157,1
1578821647,1530205157,4
1493732793,1530205157,3
1612259146,1530205157,1
1610133347,1530205157,17
1743734689,1530205157,1
1568321916,1530205157,11
1491532249,1530205157,1
1505034921,1530205157,12
1381055875,1530205157,9
1277476865,1530205157,1
1750557911,1530205157,1
1733306194,1530205157,2
1216001239,1530205157,1
1299511899,1530205157,2
1570117008,1530205157,1
1680900472,1530205157,1
1347986142,1530205157,1
1246808889,1530205157,2
1452645744,1530205157,1
1658382082,1530205157,1
1399695978,1530205157,2
1416713361,1530205157,1
1177375464,1530205157,1
1670175523,1530205157,15
1328466130,1530205157,1
1628769329,1530205157,3
1392329921,1530205157,1
1483299455,1530205157,2
1363089865,1530205157,4
1383517302,1530205157,1
1540956866,1530205157,1
1248811129,1530205157,4
1436970685,1530205157,1
1187228866,1530205157,6
1764178793,1530205157,13
1330876536,1530205157,7
1418544500,1530205157,3
1499098030,1530205157,1
1282230758,1530205157,10
1230190290,1530205157,2
1619232845,1530205157,2
1700898276,1530205157,1
1692152143,1530205157,1
1178989752,1530205157,6
1841371008,1530205157,2
1341606917,1530205157,2
1283319524,1530205157,1
1283783788,1530205157,1
1190697173,1530205157,3
1532107322,1530205157,1
1183340467,1530205157,1
1434984353,1530205157,2
1282206922,1530205157,2
1608875596,1530205157,1
1518985858,1746291018,2
1179270258,1746291018,2
1391578486,1746291018,6
1605572695,1746291018,1
1381055875,1746291018,1
1436510272,1746291018,1
1330998153,1746291018,1
1617013656,1746291018,1
1601278492,1746291018,1
1647968933,1746291018,1
1758294908,1746291018,2
1271203320,1746291018,1
1628445938,1746291018,1
1455227024,1746291018,2
1458653164,1746291018,1
1700898276,1746291018,1
1750557911,1746291018,13
1795647281,1746291018,1
1319853946,1746291018,2
1413903316,1746291018,1
1505034921,1746291018,1
1695861520,1746291018,3
1667470730,1746291018,1
1347986142,1746291018,1
1155714507,1746291018,1
1882870017,1746291018,2
1795265206,1746291018,1
1492038982,1746291018,1
1400113416,1746291018,1
1720389407,1746291018,1
1458480018,1746291018,1
1543164824,1746291018,7
1580738242,1746291018,17
1451350009,1746291018,4
1321035470,1746291018,1
1225790696,1746291018,1
1560118820,1746291018,1
1493932793,1746291018,2
1759858174,1746291018,2
1265355020,1746291018,2
1158428487,1746291018,1
1493732793,1746291018,2
1578821647,1746291018,1
1172932553,1746291018,4
1512214198,1746291018,1
1294307136,1746291018,3
1150849367,1746291018,1
1286234150,1746291018,2
1290229693,1746291018,2
1780320122,1746291018,3
1531245360,1746291018,1
1884129985,1746291018,3
1440826143,1746291018,2
1294845202,1746291018,1
1464667483,1746291018,1
1192193228,1746291018,1
1209438364,1746291018,1
1402823691,1746291018,8
1602768415,1746291018,2
1215855026,1746291018,1
1451350009,1451350009,5
1634891478,1451350009,1
1892234482,1451350009,2
1680900472,1451350009,1
1381055875,1451350009,9
1646496672,1451350009,2
1314838603,1451350009,2
1263639526,1451350009,51
1610133347,1451350009,16
1455227024,1451350009,15
1531245360,1451350009,1
1597987792,1451350009,2
1467517334,1451350009,1
1621848558,1451350009,1
1530205157,1451350009,8
1562023842,1451350009,2
1155198469,1451350009,1
1291846215,1451350009,14
1402823691,1451350009,5
1282206922,1451350009,5
1383517302,1451350009,1
1418544500,1451350009,8
1282230758,1451350009,1
1408548985,1451350009,3
1221490296,1451350009,1
1277326207,1451350009,1
1338897295,1451350009,3
1356151920,1451350009,1
1650690203,1451350009,3
1784497505,1451350009,1
1543164824,1451350009,1
1511938993,1451350009,1
1598232961,1451350009,1
1159070713,1451350009,1
1236346229,1451350009,1
1567891251,1451350009,1
1304838471,1451350009,1
1228213682,1451350009,3
1770547091,1451350009,1
1335567705,1451350009,4
1246808889,1451350009,2
1257485800,1451350009,5
1505034921,1451350009,25
1700898276,1451350009,2
1653461526,1451350009,1
1394864973,1451350009,1
1754914557,1451350009,1
1324945981,1451350009,2
1828897862,1451350009,1
1483299455,1451350009,1
1284383291,1451350009,1
1453052027,1451350009,1
1882870017,1451350009,4
1733306194,1451350009,2
1395048724,1451350009,1
1564373601,1451350009,1
1601727820,1451350009,1
1220016457,1451350009,11
1178989752,1451350009,5
1613089923,1451350009,2
1187228866,1451350009,6
1494606687,1451350009,1
1746657805,1220774219,3
1252903363,1220774219,1
1738743147,1220774219,1
1263639526,1220774219,1
1672957134,1220774219,6
1310984791,1220774219,3
1765948029,1220774219,1
1248811129,1220774219,1
1792799733,1220774219,2
1382073947,1220774219,1
1476688078,1220774219,4
1540638491,1220774219,1
1464667483,1220774219,2
1279872812,1220774219,1
1719053598,1220774219,1
1695241183,1220774219,1
1597987792,1220774219,3
1520639179,1220774219,1
1186933663,1220774219,1
1284383291,1303089864,5
1590574875,1303089864,4
1416713361,1303089864,5
1552378681,1303089864,16
1241048125,1303089864,1
1534626323,1303089864,3
1164889430,1303089864,1
1189709213,1303089864,1
1421567872,1303089864,1
1391544796,1303089864,1
1325874717,1303089864,150
1396978659,1303089864,4
1848926607,1303089864,1
1150849367,1303089864,5
1216354395,1303089864,5
1381055875,1303089864,2
1263639526,1303089864,1
1887756265,1303089864,1
1842890492,1303089864,8
1774822547,1303089864,16
1429696375,1303089864,34
1412906359,1303089864,1
1635259727,1303089864,1
1571673949,1159889419,3
1186016600,1159889419,1
1454358125,1159889419,1
1308954936,1159889419,2
1499804747,1159889419,1
1263639526,1159889419,18
1406133572,1159889419,5
1225790696,1159889419,1
1317600535,1159889419,1
1227831554,1159889419,1
1150849367,1159889419,3
1478154831,1159889419,2
1399695978,1159889419,1
1440826143,1159889419,1
1462113784,1159889419,3
1286075490,1159889419,19
1240025791,1159889419,1
1429696375,1159889419,1
1188121323,1159889419,1
1215855026,1159889419,1
1416256514,1159889419,9
1381055875,1159889419,4
1464667483,1159889419,1
1266447726,1159889419,6
1628948324,1159889419,1
1159889419,1159889419,5
1540638491,1159889419,1
1455227024,1159889419,1
1229525984,1159889419,3
1617509980,1159889419,2
1412906359,1159889419,2
1404482793,1159889419,1
1377225612,1159889419,1
1522078362,1159889419,9
1700898276,1159889419,1
1357169825,1159889419,1
1659148443,1159889419,2
1178989752,1159889419,8
1406312796,1159889419,1
1365123969,1282230758,1
1171570914,1282230758,9
1782116114,1282230758,33
1377891586,1282230758,4
1531954267,1282230758,2
1485171695,1282230758,3
1131391619,1282230758,1
1554578584,1282230758,4
1381055875,1282230758,2
1238912757,1282230758,1
1219464423,1282230758,2
1412296785,1282230758,26
1191195236,1282230758,1
1216001239,1282230758,1
1636727968,1282230758,3
1128083841,1282230758,3
1451350009,1282230758,2
1672533217,1282230758,1
1290447799,1282230758,15
1484150043,1282230758,30
1795647281,1282230758,25
1310264596,1282230758,1
1297074206,1282230758,1
1379194026,1282230758,2
1634891478,1282230758,1
1393505038,1282230758,9
1471335286,1282230758,2
1322201893,1282230758,1
1441536616,1282230758,7
1424071776,1282230758,2
1689258995,1282230758,8
1738743147,1282230758,1
1263639526,1282230758,1
1273312197,1282230758,1
1403222708,1282230758,1
1405870236,1282230758,4
1709986839,1282230758,1
1394864973,1282230758,1
1840462354,1282230758,16
1315581098,1282230758,2
1382073947,1282230758,3
1221490296,1282230758,1
1867994007,1282230758,3
1283461938,1282230758,18
1446336753,1282230758,11
1249907791,1282230758,1
1202273554,1282230758,1
1418544500,1282230758,39
1770725532,1282230758,1
1629308005,1282230758,5
1770749902,1167089267,6
1627147944,1167089267,1
1224434429,1167089267,28
1620531742,1167089267,2
1333989630,1167089267,43
1342920865,1167089267,37
1516018020,1167089267,16
1357364043,1167089267,10
1557866789,1167089267,9
1402323713,1167089267,23
1167089267,1167089267,1
1350251558,1167089267,1
1202273554,1167089267,1
1345451127,1167089267,88
1535554316,1167089267,1
1432137198,1167089267,1
1627160143,1167089267,10
1230676250,1167089267,74
1425084649,1452790068,9
1350452762,1452790068,3
1277769680,1452790068,2
1750557911,1452790068,1
1335927003,1452790068,1
1329681857,1452790068,1
1739455686,1452790068,1
1200497997,1452790068,1
1660853432,1452790068,1
1455847380,1452790068,1
1290725179,1452790068,1
1488008494,1452790068,1
1289680855,1452790068,2
1323053220,1452790068,1
1215500639,1452790068,1
1495162758,1452790068,1
1197014308,1452790068,223
1265355020,1452790068,1
1796178500,1452790068,6
1414255764,1452790068,1
1546737353,1452790068,1
1667470730,1452790068,3
1469815925,1452790068,16
1321035470,1452790068,8
1257058675,1452790068,2
1378113154,1452790068,1
1293013534,1452790068,1
1622911678,1452790068,1
1204575623,1452790068,5
1179919492,1452790068,1
1255298207,1452790068,2
1287076691,1452790068,2
1451905745,1452790068,3
1605572695,1452790068,7
1157521395,1452790068,1
1463909218,1452790068,2
1522792021,1452790068,1
1480916688,1452790068,1
1415768108,1452790068,3
1496342508,1452790068,1
1364089523,1452790068,2
1629714763,1452790068,2
1204502898,1252903363,3
1499098030,1252903363,3
1314940146,1252903363,18
1451740890,1252903363,64
1206639424,1252903363,1
1783583457,1252903363,12
1611051781,1252903363,20
1569643784,1252903363,51
1488289712,1252903363,1
1565188503,1252903363,15
1524273497,1252903363,2
1440826143,1252903363,4
1294067978,1252903363,6
1894469348,1252903363,1
1411205358,1252903363,94
1429780092,1252903363,2
1430876393,1252903363,1
1381055875,1402823691,1
1335567705,1402823691,4
1498419694,1402823691,1
1263639526,1402823691,3
1201072738,1402823691,1
1478154831,1402823691,551
1347986142,1402823691,8
1220774219,1402823691,1
1493917818,1402823691,1
1454582779,1402823691,3
1421567872,1402823691,1
1440826143,1402823691,1
1179632534,1413903316,6
1610133347,1413903316,7
1670314096,1413903316,2
1400113416,1413903316,1
1361691462,1413903316,2
1756085505,1413903316,1
1178989752,1413903316,9
1966025103,1413903316,1
1576082206,1413903316,1
1455227024,1413903316,26
1636000015,1413903316,1
1181700715,1413903316,1
1505034921,1413903316,11
1155714507,1413903316,2
1168156492,1413903316,2
1685376115,1413903316,7
1183838135,1413903316,1
1384722355,1413903316,1
1714450362,1413903316,2
1564373601,1413903316,1
1150849367,1413903316,1
1348157542,1413903316,6
1425084649,1413903316,1
1237468878,1413903316,6
1598232961,1413903316,1
1745031598,1413903316,1
1573926218,1413903316,1
1303089864,1413903316,11
1268172099,1413903316,1
1497242922,1413903316,1
1395110101,1413903316,1
1247163073,1413903316,2
1620679648,1413903316,1
1785021761,1413903316,1
1425372427,1413903316,1
1289723501,1413903316,1
1249907791,1413903316,2
1418130340,1413903316,1
1649886663,1413903316,3
1628445938,1413903316,1
1514795572,1413903316,1
1879356591,1413903316,2
1724259891,1413903316,3
1405829604,1413903316,1
1246808889,1413903316,2
1589398965,1413903316,1
1211507707,1413903316,6
1613089923,1413903316,1
1754914557,1413903316,2
1660853432,1413903316,3
1533218134,1413903316,10
1362500827,1413903316,1
1356859204,1413903316,4
1614541852,1413903316,1
1580738242,1413903316,2
1452790068,1413903316,1
1646496672,1413903316,10
1543164824,1413903316,21
1720389407,1413903316,14
1758294908,1413903316,10
1795647281,1413903316,5
1606327889,1413903316,1
1272714261,1413903316,1
1675990597,1413903316,2
1540282753,1413903316,11
1335927003,1413903316,1
1677722011,1413903316,2
1411356712,1413903316,2
1717634391,1413903316,1
1453052027,1413903316,9
1591282556,1413903316,14
1334204098,1413903316,2
1255298207,1413903316,2
1221490296,1413903316,2
1287995120,1413903316,1
1650690203,1413903316,1
1270946450,1413903316,1
1701929005,1413903316,1
1291846215,1413903316,13
1724822273,1413903316,1
1759858174,1413903316,2
1480039700,1413903316,1
1596199522,1413903316,1
1190697173,1413903316,2
1383517302,1413903316,20
1485461318,1413903316,4
1319860476,1413903316,4
1586752346,1413903316,1
1575457569,1413903316,2
1668089506,1413903316,3
1718843636,1413903316,1
1489310259,1413903316,1
1647968933,1413903316,2
1540123102,1413903316,2
1660060833,1413903316,1
1565429058,1413903316,1
1325874717,1413903316,1
1672533217,1413903316,7
1442047675,1413903316,1
1841371008,1413903316,4
1742766197,1413903316,1
1539247099,1413903316,1
1303835387,1413903316,2
1391578486,1413903316,1
1572056029,1413903316,1
1240292818,1413903316,1
1746291018,1413903316,2
1795265206,1413903316,6
1441023128,1413903316,10
1408548985,1413903316,8
1451350009,1413903316,49
1140772312,1413903316,1
1197278601,1413903316,1
1474612540,1413903316,1
1784497505,1413903316,1
1452645744,1413903316,5
1667470730,1413903316,12
1492038982,1413903316,1
1770547091,1413903316,2
1197014308,1413903316,1
1491006412,1413903316,1
1172205399,1413903316,1
1528501977,1413903316,2
1294307136,1413903316,4
1674708431,1413903316,4
1418544500,1413903316,2
1700898276,1413903316,5
1195408739,1413903316,1
1605572695,1413903316,12
1896687370,1413903316,1
1618756462,1413903316,1
1220016457,1413903316,9
1493932793,1413903316,1
1289680855,1413903316,12
1292138768,1413903316,1
1286234150,1413903316,2
1123657266,1413903316,1
1472374861,1413903316,1
1735418495,1413903316,10
1385221185,1413903316,3
1361063681,1413903316,2
1844373591,1413903316,1
1813918079,1413903316,1
1299984444,1413903316,1
1461320425,1413903316,4
1773879520,1413903316,1
1620420179,1413903316,1
1386149210,1413903316,1
1899961042,1413903316,4
1770368188,1413903316,1
1571941263,1413903316,1
1575018759,1413903316,1
1884129985,1413903316,6
1417136285,1413903316,1
1426170227,1413903316,5
1483299455,1413903316,4
1733306194,1413903316,12
1617013656,1413903316,13
1612259146,1413903316,1
1703795899,1413903316,3
1263639526,1413903316,21
1583004182,1413903316,1
1389541840,1413903316,1
1531245360,1413903316,8
1511032698,1413903316,1
1653583193,1413903316,2
1866084519,1413903316,1
1308954936,1413903316,1
1761977616,1413903316,6
1658077441,1413903316,1
1578821647,1413903316,14
1617147305,1413903316,1
1356151920,1413903316,2
1528334096,1413903316,3
1734207792,1413903316,1
1653562191,1413903316,2
1234828118,1413903316,1
1750557911,1413903316,12
1530205157,1413903316,3
1592564357,1413903316,1
1215855026,1413903316,1
1653461526,1413903316,3
1780320122,1413903316,5
1570117008,1413903316,19
1381055875,1413903316,11
1695202376,1413903316,1
1493917818,1478154831,366
1347986142,1478154831,35
1178989752,1478154831,3
1402823691,1478154831,108
1851441463,1478154831,38
1271263845,1796735800,1
1433164113,1796735800,1
1215855026,1796735800,2
1539247099,1796735800,1
1242599517,1796735800,1
1386149210,1796735800,1
1571941263,1796735800,2
1779486317,1796735800,1
1662239286,1796735800,1
1470890345,1796735800,1
1288641123,1796735800,1
1347986142,1796735800,2
1382670897,1796735800,1
1335567705,1796735800,4
1767008083,1796735800,4
1394864973,1796735800,1
1451350009,1796735800,21
1476718045,1796735800,1
1750557911,1796735800,1
1629303104,1796735800,1
1649886663,1796735800,1
1536437370,1796735800,7
1543164824,1796735800,3
1795265206,1796735800,1
1276653377,1796735800,1
1876516292,1796735800,1
1530585015,1796735800,1
1402823691,1796735800,2
1605572695,1796735800,10
1884129985,1796735800,1
1505034921,1796735800,1
1293696205,1796735800,24
1283461938,1796735800,1
1618047173,1796735800,1
1220016457,1796735800,2
1610133347,1796735800,1
1221490296,1796735800,1
1263639526,1796735800,4
1799898734,1796735800,3
1391578486,1796735800,1
1531245360,1796735800,2
1668548768,1796735800,1
1419303885,1796735800,3
1257485800,1796735800,5
1664292721,1796735800,36
1300351181,1796735800,6
1641826716,1796735800,105
1560118820,1796735800,1
1382073947,1796735800,2
1629138779,1796735800,1
1455227024,1796735800,7
1418544500,1796735800,1
1368449025,1796735800,2
1694249920,1796735800,1
1123657266,1796735800,1
1557905753,1796735800,1
1805903394,1796735800,12
1579746233,1796735800,4
1768735227,1796735800,10
1830742900,1796735800,4
1810020785,1796735800,1
1150849367,1796735800,1
1540638491,1796735800,50
1481985424,1796735800,1
1735420988,1796735800,3
1910294769,1796735800,1
1178989752,1796735800,4
1245507567,1796735800,1
1381055875,1796735800,6
1231166616,1796735800,1
1740255814,1796735800,3
1886831647,1796735800,3
1530205157,1796735800,1
1228213682,1796735800,1
1764980392,1796735800,3
1191241585,1796735800,1
1581859855,1796735800,2
1761594864,1796735800,1
1562023842,1796735800,2
1795647281,1796735800,3
1674708431,1796735800,2
1701769935,1796735800,8
1784497505,1796735800,1
1694116569,1796735800,5
1308954936,1796735800,32
1571673949,1796735800,4
1282206922,1796735800,4
1759858174,1796735800,3
1828897862,1796735800,2
1671964902,1796735800,2
1629308005,1796735800,4
1815871053,1796735800,1
1646496672,1796735800,5
1406133572,1796735800,24
1282230758,1796735800,3
1737230343,1796735800,11
1665864896,1796735800,1
1658462532,1796735800,1
1478154831,1796735800,1
1756116056,1796735800,1
1876989536,1796735800,19
1521514618,1796735800,1
1482198482,1796735800,14
1383517302,1796735800,57
1769209859,1369081421,2
1154349808,1369081421,2
1172205399,1369081421,1
1555165763,1369081421,1
1569474704,1369081421,6
1738743147,1369081421,4
1310984791,1369081421,2
1353696172,1369081421,1
1761594864,1369081421,2
1283479526,1369081421,1
1867389151,1369081421,1
1750557911,1369081421,12
1549787265,1369081421,4
1539247099,1369081421,1
1759858174,1369081421,16
1490443062,1369081421,1
1178989752,1369081421,1
1476381993,1369081421,1
1407900759,1369081421,2
1493932793,1369081421,12
1274452385,1369081421,1
1754757324,1369081421,1
1841394015,1369081421,1
1197278601,1369081421,1
1770547091,1369081421,1
1704919922,1369081421,7
1894597798,1369081421,20
1390659157,1369081421,1
1739455686,1369081421,10
1454381433,1369081421,16
1649886663,1369081421,1
1163816325,1369081421,1
1613084641,1369081421,2
1606422702,1369081421,2
1402613946,1369081421,2
1876989536,1369081421,1
1684266592,1369081421,2
1445250559,1369081421,2
1330998153,1369081421,1
1834324586,1369081421,1
1580738242,1369081421,1
1412906359,1369081421,1
1443613812,1369081421,2
1580553951,1369081421,1
1329141017,1369081421,3
1893319358,1369081421,2
1463909218,1369081421,9
1802585485,1369081421,3
1200851498,1369081421,1
1680600034,1369081421,1
1215855026,1369081421,1
1624048039,1369081421,21
1417136285,1369081421,1
1493064098,1369081421,1
1443498236,1369081421,1
1161666782,1369081421,1
1460378598,1369081421,9
1734207792,1369081421,1
1511032698,1369081421,3
1319853946,1369081421,1
1725510250,1369081421,1
1303094780,1369081421,1
1643061609,1369081421,1
1455227024,1369081421,2
1200497997,1369081421,1
1761977616,1369081421,1
1293445778,1369081421,11
1136479756,1369081421,8
1540638491,1369081421,7
1286234150,1369081421,2
1614856960,1369081421,1
1603432390,1369081421,2
1472374861,1369081421,5
1689202495,1369081421,1
1712425186,1369081421,6
1292138768,1369081421,2
1585919701,1369081421,3
1540956866,1369081421,1
1414255764,1369081421,4
1154985723,1369081421,1
1642651925,1369081421,1
1385390491,1369081421,1
1268172099,1369081421,1
1279884824,1369081421,1
1318801077,1369081421,1
1745849364,1369081421,8
1873602540,1369081421,2
1460369248,1369081421,1
1458480018,1369081421,8
1391578486,1369081421,1
1459268314,1369081421,1
1303835387,1369081421,65
1792799733,1369081421,4
1179270258,1369081421,10
1620679648,1369081421,1
1520442055,1369081421,6
1252903363,1369081421,3
1292472394,1369081421,5
1348157542,1369081421,1
1577022967,1369081421,2
1695861520,1369081421,2
1466014518,1369081421,3
1638460735,1369081421,14
1321650946,1369081421,3
1325572722,1369081421,61
1304838471,1369081421,1
1492038982,1369081421,1
1580187873,1369081421,1
1192193228,1369081421,2
1545488517,1369081421,2
1319860476,1369081421,1
1187812373,1369081421,1
1606472763,1369081421,1
1884129985,1369081421,5
1844373591,1369081421,1
1418130340,1369081421,3
1362413031,1369081421,1
1857127402,1369081421,1
1314572754,1369081421,2
1303980993,1369081421,1
1162710391,1369081421,1
1627814879,1369081421,1
1315767641,1369081421,5
1887756265,1369081421,3
1586221325,1369081421,5
1335927003,1369081421,2
1193423105,1369081421,4
1727404126,1369081421,1
1339029850,1369081421,1
1387912140,1369081421,3
1347756517,1369081421,1
1303089864,1369081421,11
1628445938,1369081421,6
1573160463,1369081421,2
1512214198,1369081421,1
1524361409,1369081421,5
1265355020,1369081421,1
1754714046,1369081421,1
1543164824,1369081421,12
1770368188,1369081421,1
1383999758,1369081421,3
1743069732,1369081421,4
1575457569,1369081421,2
1486751779,1369081421,1
1602013715,1369081421,1
1635259727,1369081421,1
1442087275,1369081421,2
1292487413,1369081421,1
1477549018,1369081421,1
1530770654,1369081421,1
1476718045,1369081421,3
1381055875,1369081421,2
1615661072,1369081421,4
1614910693,1369081421,2
1660853432,1369081421,14
1235779695,1369081421,2
1574215399,1369081421,4
1294307136,1369081421,1
1465869102,1369081421,1
1539710436,1369081421,1
1774489056,1369081421,2
1341385488,1369081421,2
1777655441,1369081421,1
1491918226,1369081421,1
1629308005,1369081421,1
1578821647,1369081421,2
1383517302,1369081421,3
1308954936,1369081421,1
1570117008,1369081421,1
1164889430,1369081421,2
1362144387,1369081421,1
1638394327,1369081421,1
1620420179,1369081421,1
1602768415,1369081421,2
1374512182,1369081421,1
1369081421,1369081421,7
1613089923,1369081421,9
1517200518,1369081421,4
1202273554,1381055875,2
1844373591,1381055875,2
1221490296,1381055875,4
1493732793,1381055875,1
1543164824,1381055875,4
1840462354,1381055875,12
1177375464,1381055875,1
1246384689,1381055875,8
1478154831,1381055875,124
1614174256,1381055875,1
1496393470,1381055875,15
1186016600,1381055875,13
1358545890,1381055875,71
1862625715,1381055875,1
1263639526,1381055875,275
1617147305,1381055875,1
1434198382,1381055875,4
1202221883,1381055875,6
1441773395,1381055875,3
1659492441,1381055875,1
1879356591,1381055875,5
1595966671,1381055875,2
1617013656,1381055875,33
1831361117,1381055875,1
1228213682,1381055875,32
1372302601,1381055875,1
1436970685,1381055875,1
1452565580,1381055875,4
1712807576,1381055875,1
1699653123,1381055875,1
1770368188,1381055875,1
1308954936,1381055875,15
1598232961,1381055875,1
1299511899,1381055875,2
1220774219,1381055875,43
1720389407,1381055875,22
1217940322,1381055875,1
1155778782,1381055875,29
1629308005,1381055875,7
1701929005,1381055875,1
1485461318,1381055875,19
1338897295,1381055875,10
1782116114,1381055875,2
1774822547,1381055875,1
1446336753,1381055875,2
1290447799,1381055875,124
1433164113,1381055875,1
1733306194,1381055875,1
1629303104,1381055875,1
1232052560,1381055875,7
1271203320,1381055875,1
1185329367,1381055875,1
1330998153,1381055875,2
1341385488,1381055875,1
1570117008,1381055875,61
1284383291,1381055875,2
1499804747,1381055875,8
1248795940,1381055875,4
1462113784,1381055875,17
1471634989,1381055875,7
1429696375,1381055875,1
1596389577,1381055875,1
1610133347,1381055875,32
1471677550,1381055875,1
1464667483,1381055875,1
1614541852,1381055875,1
1268143151,1381055875,1
1392773702,1381055875,3
1731291355,1381055875,1
1483299455,1381055875,89
1814944737,1381055875,1
1451350009,1381055875,224
1580738242,1381055875,2
1381055875,1381055875,5
1819053659,1381055875,6
1505034921,1381055875,9
1693899968,1381055875,3
1234391406,1381055875,7
1286234150,1381055875,1
1841371008,1381055875,19
1575018759,1381055875,1
1619232845,1381055875,1
1481883538,1381055875,1
1586752346,1381055875,1
1758294908,1381055875,3
1436835664,1381055875,1
1566148571,1381055875,2
1482198482,1381055875,3
1252903363,1381055875,2
1377225612,1381055875,3
1298975142,1381055875,1
1368664616,1381055875,1
1667470730,1381055875,5
1646496672,1381055875,26
1206185993,1381055875,1
1559172988,1381055875,1
1540638491,1381055875,5
1123657266,1381055875,7
1299298785,1381055875,1
1813918079,1381055875,1
1121072748,1381055875,2
1395110101,1381055875,3
1882870017,1381055875,9
1828897862,1381055875,4
1540856259,1381055875,1
1218590505,1381055875,2
1255298207,1381055875,1
1278100405,1381055875,1
1436510272,1381055875,3
1530205157,1381055875,30
1486654313,1381055875,1
1283461938,1381055875,73
1491532249,1381055875,19
1187228866,1381055875,2
1215855026,1381055875,1
1805903394,1381055875,1
1425084649,1381055875,6
1388333285,1381055875,11
1282230758,1381055875,57
1347986142,1381055875,13
1620420179,1381055875,1
1176453489,1381055875,2
1454657736,1381055875,2
1406133572,1381055875,5
1383517302,1381055875,44
1601727820,1381055875,1
1566351145,1381055875,11
1395570809,1381055875,12
1391578486,1381055875,1
1703795899,1381055875,4
1287574478,1381055875,1
1398056704,1381055875,1
1392329921,1381055875,1
1296131281,1381055875,9
1641826716,1381055875,1
1571941263,1381055875,1
1179632534,1381055875,1
1435609646,1381055875,8
1454358125,1381055875,9
1242599517,1381055875,1
1212306649,1381055875,1
1402823691,1381055875,117
1576082206,1381055875,3
1309673375,1381055875,5
1795265206,1381055875,15
1357169825,1381055875,2
1217833033,1381055875,1
1188960726,1381055875,2
1298712056,1381055875,1
1746291018,1381055875,1
1156923865,1381055875,1
1578446233,1381055875,1
1501387572,1381055875,13
1178989752,1381055875,49
1171570914,1381055875,6
1570309122,1381055875,1
1708519909,1381055875,3
1290013622,1381055875,1
1267037297,1381055875,1
1164602202,1381055875,1
1265370757,1381055875,51
1796096784,1381055875,6
1394864973,1381055875,1
1159889419,1381055875,73
1485775180,1381055875,6
1262978465,1381055875,15
1161666782,1381055875,1
1884129985,1381055875,2
1735418495,1381055875,3
1692152143,1381055875,6
1418544500,1381055875,31
1660853432,1381055875,2
1759155377,1381055875,1
1381200611,1381055875,3
1365926216,1381055875,2
1310264596,1381055875,1
1694116569,1381055875,10
1202166684,1381055875,1
1780320122,1381055875,22
1693974176,1381055875,2
1219611042,1381055875,1
1493281246,1381055875,1
1795647281,1381055875,30
1755977101,1381055875,1
1578821647,1381055875,9
1334690149,1381055875,7
1557905753,1381055875,7
1820248920,1381055875,1
1349400181,1381055875,1
1389728137,1381055875,20
1283783788,1381055875,1
1321511475,1381055875,2
1413903316,1381055875,9
1341606917,1381055875,5
1754914557,1381055875,1
1689258995,1381055875,1
1685376115,1381055875,1
1220016457,1381055875,91
1614876337,1381055875,1
1326329344,1381055875,1
1986858305,1381055875,1
1472374861,1381055875,1
1769780620,1381055875,2
1206639424,1381055875,4
1240512443,1381055875,2
1700898276,1381055875,12
1722611034,1381055875,1
1391544796,1381055875,6
1319373612,1381055875,1
1796178500,1381055875,1
1528501977,1381055875,2
1881382655,1381055875,1
1282206922,1381055875,9
1227831554,1381055875,1
1514795572,1381055875,1
1581859855,1381055875,13
1522484691,1381055875,1
1892234482,1381055875,7
1455227024,1381055875,58
1743734689,1381055875,1
1597987792,1381055875,14
1392512037,1381055875,1
1204478666,1381055875,1
1220769358,1381055875,1
1786846134,1381055875,1
1325572722,1381055875,1
1753825912,1381055875,1
1613089923,1381055875,4
1796735800,1381055875,1
1271263845,1381055875,4
1191378693,1381055875,1
1686227242,1381055875,2
1908154318,1381055875,1
1303089864,1381055875,49
1319860476,1381055875,2
1486733191,1381055875,13
1545394573,1381055875,1
1418130340,1381055875,2
1724259891,1381055875,6
1531245360,1381055875,44
1818788168,1381055875,9
1683273003,1381055875,2
1416256514,1381055875,7
1291846215,1381055875,29
1279884824,1381055875,7
1744701864,1381055875,2
1674708431,1381055875,15
1531569003,1381055875,1
1649886663,1381055875,1
1851441463,1381055875,3
1540282753,1381055875,1
1294324830,1381055875,1
1461320425,1381055875,3
1252056510,1381055875,1
1876989536,1381055875,2
1487251982,1381055875,1
1470890345,1381055875,13
1653461526,1381055875,4
1248156641,1381055875,1
1166506873,1381055875,3
1899961042,1381055875,12
1408548985,1381055875,3
1235314961,1197014308,1
1350452762,1197014308,200
1466014518,1197014308,7
1796178500,1197014308,1
1227831554,1197014308,2
1622911678,1197014308,10
1412586803,1197014308,1
1335927003,1197014308,1
1606948414,1197014308,130
1564046965,1197014308,3
1214662276,1197014308,8
1426198085,1197014308,1
1238912757,1197014308,3
1323053220,1197014308,12
1680636620,1197014308,50
1303089864,1197014308,10
1321035470,1197014308,94
1240512443,1197014308,1
1493932793,1197014308,7
1185329367,1197014308,34
1495162758,1197014308,1
1258402231,1197014308,12
1329681857,1197014308,96
1230225334,1197014308,23
1255298207,1197014308,327
1794018718,1197014308,12
1720389407,1197014308,7
1723595940,1197014308,8
1124148787,1197014308,1
1470890345,1197014308,1
1496342508,1197014308,139
1884129985,1197014308,9
1496723300,1197014308,26
1208838854,1197014308,1
1826009025,1197014308,2
1293828065,1197014308,10
1488008494,1197014308,358
1141232138,1197014308,27
1289680855,1197014308,340
1444674986,1197014308,263
1192193228,1197014308,4
1896687370,1197014308,5
1378113154,1197014308,38
1646496672,1197014308,1
1540638491,1197014308,5
1378394192,1197014308,129
1304790787,1197014308,1
1308954936,1197014308,1
1290725179,1197014308,46
1736341048,1197014308,7
1247452332,1197014308,1
1218079248,1197014308,4
1167449028,1197014308,3
1667470730,1197014308,9
1363653199,1197014308,41
1429696375,1197014308,1
1531245360,1197014308,1
1151735293,1197014308,54
1266927523,1197014308,1
1256483735,1197014308,2
1576179785,1197014308,5
1358717596,1197014308,1
1496098466,1197014308,77
1408548985,1197014308,1
1672533217,1197014308,18
1477937541,1197014308,34
1204502898,1197014308,1
1459035940,1197014308,1
1160557560,1197014308,16
1250848320,1197014308,5
1303835387,1197014308,52
1412906359,1197014308,3
1464694404,1197014308,1
1416393424,1197014308,148
1367765457,1197014308,1
1179270258,1197014308,1
1458480018,1197014308,1
1680600034,1197014308,2
1520797336,1197014308,3
1523694063,1197014308,1
1372359253,1197014308,5
1161434992,1197014308,1
1413903316,1197014308,9
1392160803,1197014308,1
1245621517,1197014308,1
1220016457,1197014308,1
1364089523,1197014308,6
1490456807,1197014308,74
1399558311,1197014308,2
1546603317,1197014308,100
1299984444,1197014308,198
1252276402,1197014308,2
1647968933,1197014308,1
1134544313,1197014308,1
1157349073,1197014308,23
1463837756,1197014308,2
1496109597,1197014308,76
1541090926,1197014308,76
1257058675,1197014308,62
1229487111,1197014308,20
1795647281,1197014308,4
1779262948,1197014308,297
1841371008,1197014308,5
1224624669,1197014308,3
1462113784,1197014308,3
1546737353,1197014308,2
1201192841,1197014308,2
1291544823,1197014308,2
1434194408,1197014308,1
1272868362,1197014308,1
1178989752,1197014308,3
1810182217,1197014308,1
1480916688,1197014308,86
1464667483,1197014308,1
1230292617,1197014308,6
1465437561,1197014308,1
1399766179,1197014308,28
1710762909,1197014308,1
1430813596,1197014308,16
1629714763,1197014308,10
1370097865,1197014308,4
1471707262,1197014308,5
1476242950,1197014308,2
1237468878,1197014308,110
1847310190,1197014308,1
1540282753,1197014308,4
1455227024,1197014308,1
1298712056,1197014308,280
1634891478,1197014308,2
1215500639,1197014308,88
1401642358,1197014308,1
1584591597,1197014308,3
1304292577,1197014308,1
1292983531,1197014308,2
1578890406,1197014308,2
1503217411,1197014308,3
1224841710,1197014308,2
1216512717,1197014308,1
1299807208,1197014308,1
1452790068,1197014308,70
1557905753,1197014308,1
1312500907,1197014308,1
1197014308,1197014308,242
1383517302,1197014308,4
1483670487,1197014308,54
1417136285,1197014308,1
1179919492,1197014308,17
1831361117,1197014308,1
1150849367,1197014308,24
1282230758,1197014308,6
1738352123,1197014308,1
1625836612,1197014308,461
1538976875,1197014308,6
1566459172,1197014308,27
1413492224,1197014308,1
1461678995,1197014308,14
1617013656,1197014308,2
1272714261,1197014308,2
1738807082,1197014308,1
1204575623,1197014308,116
1354124117,1197014308,4
1381055875,1197014308,2
1660853432,1197014308,1
1436976095,1197014308,2
1451350009,1197014308,2
1469815925,1197014308,549
1617542463,1197014308,1
1388515177,1197014308,1
1415768108,1197014308,31
1235779695,1197014308,3
1367884658,1197014308,2
1703795899,1197014308,1
1231166616,1197014308,1
1768183275,1197014308,2
1610133347,1197014308,1
1251486650,1197014308,1
1248811129,1197014308,1
1385914528,1197014308,7
1769209859,1197014308,17
1603432390,1197014308,1
1425084649,1197014308,70
1559172988,1197014308,1
1189709213,1197014308,6
1345806846,1197014308,87
1484356321,1197014308,19
1288641123,1197014308,74
1299298785,1197014308,27
1563107628,1197014308,21
1451905745,1197014308,160
1155714507,1197014308,11
1320240409,1197014308,5
1357243305,1197014308,2
1279884824,1197014308,4
1486036068,1197014308,1
1242673525,1197014308,10
1460369248,1197014308,1
1566148571,1197014308,3
1509618651,1197014308,3
1300351181,1197014308,1
1264708901,1197014308,6
1582522923,1197014308,2
1225790696,1197014308,45
1870934558,1197014308,1
1215855026,1197014308,1
1605572695,1197014308,23
1312215092,1197014308,1
1463909218,1197014308,1
1247163073,1197014308,79
1169129649,1197014308,54
1312897716,1197014308,5
1179970664,1197014308,1
